Title,Purpose
Walker-Watkins - A Flask Website,Purpose: Multi-layered 5thgeneration knowledge user for seize out-of-the-box technologies
Sampson Inc - A Flask Website,Purpose: Enterprise-wide explicit open system for empower strategic e-commerce
"Weiss, Coleman and Adams - A Flask Website",Purpose: Enterprise-wide impactful hardware for facilitate clicks-and-mortar eyeballs
"Jones, Williams and Harrison - A Flask Website",Purpose: Cross-platform analyzing product for cultivate dot-com e-services
"Dyer, Sanders and Huynh - A Flask Website",Purpose: Centralized needs-based parallelism for generate value-added users
"Schultz, Caldwell and Davis - A Flask Website",Purpose: Seamless multi-state open system for productize strategic e-business
Graves-Baker - A Flask Website,Purpose: Operative multi-state synergy for incubate proactive bandwidth
"Carrillo, Gutierrez and Smith - A Flask Website",Purpose: Pre-emptive multi-state Graphic Interface for monetize back-end mindshare
"Wang, Jensen and Trujillo - A Flask Website",Purpose: Triple-buffered coherent instruction set for generate dynamic technologies
Smith Ltd - A Flask Website,Purpose: Multi-lateral needs-based project for strategize best-of-breed ROI
Smith Inc - A Flask Website,Purpose: Cross-platform dedicated infrastructure for disintermediate leading-edge convergence
Collins-May - A Flask Website,Purpose: Public-key incremental matrix for re-intermediate visionary portals
"Rivera, Gardner and Henderson - A Flask Website",Purpose: Organic foreground process improvement for leverage efficient vortals
Ellis-Parker - A Flask Website,Purpose: Enhanced explicit migration for embrace cross-platform networks
Moore-Edwards - A Flask Website,Purpose: Open-architected uniform time-frame for scale scalable methodologies
Richardson Inc - A Flask Website,Purpose: Synergistic client-driven attitude for revolutionize synergistic partnerships
Chapman-Dixon - A Flask Website,Purpose: Customizable executive collaboration for seize seamless infrastructures
Smith Group - A Flask Website,Purpose: Team-oriented user-facing secured line for re-contextualize front-end markets
Trevino and Sons - A Flask Website,Purpose: Customer-focused attitude-oriented infrastructure for maximize real-time models
Wilson LLC - A Flask Website,Purpose: Virtual attitude-oriented protocol for synthesize rich users
Morales-Scott - A Flask Website,Purpose: Upgradable optimal help-desk for iterate mission-critical users
Moon Group - A Flask Website,Purpose: Customer-focused system-worthy productivity for deliver front-end experiences
Ward-Beck - A Flask Website,Purpose: Streamlined empowering strategy for monetize virtual applications
Rodriguez-Sanders - A Flask Website,Purpose: Reactive hybrid groupware for expedite magnetic niches
Hunter PLC - A Flask Website,Purpose: Virtual web-enabled intranet for synergize real-time interfaces
Boyle-Ramirez - A Flask Website,Purpose: Vision-oriented zero-defect Graphic Interface for strategize killer technologies
"Bowen, Vazquez and Tapia - A Flask Website",Purpose: Upgradable fault-tolerant customer loyalty for integrate rich portals
Lamb-Rush - A Flask Website,Purpose: Enterprise-wide methodical Local Area Network for whiteboard customized niches
Small-Collins - A Flask Website,Purpose: Fundamental coherent leverage for evolve frictionless convergence
"Hall, Thomas and Anderson - A Flask Website",Purpose: Digitized bifurcated definition for disintermediate seamless e-business
"Murphy, Wilson and Martin - A Flask Website",Purpose: Public-key interactive Graphical User Interface for seize best-of-breed networks
"Price, Miller and Schultz - A Flask Website",Purpose: Customer-focused foreground definition for scale synergistic bandwidth
Quinn-Meyer - A Flask Website,Purpose: Mandatory high-level initiative for drive frictionless markets
Chavez Inc - A Flask Website,Purpose: Diverse 24/7 budgetary management for generate enterprise experiences
"Lam, Cummings and Andrade - A Flask Website",Purpose: Extended fault-tolerant strategy for integrate cutting-edge mindshare
"Prince, Williams and Franklin - A Flask Website",Purpose: Reactive 24hour moderator for monetize revolutionary synergies
"Vaughn, Lyons and Matthews - A Flask Website",Purpose: Persistent coherent middleware for enhance dot-com e-business
Sanders-Wells - A Flask Website,Purpose: Assimilated background data-warehouse for monetize clicks-and-mortar channels
Rivera-Walsh - A Flask Website,Purpose: Triple-buffered client-driven access for deploy B2C architectures
Mullen-Franklin - A Flask Website,Purpose: Optional attitude-oriented help-desk for facilitate bleeding-edge info-mediaries
Herrera-Taylor - A Flask Website,Purpose: Intuitive multimedia monitoring for disintermediate end-to-end web-readiness
Perez-Mueller - A Flask Website,Purpose: Upgradable mission-critical hierarchy for architect ubiquitous web-readiness
"Schmidt, Crawford and Gonzales - A Flask Website",Purpose: Automated system-worthy methodology for extend granular methodologies
Sloan-Thompson - A Flask Website,Purpose: Streamlined explicit core for scale user-centric metrics
Long-Smith - A Flask Website,Purpose: Progressive global function for harness interactive metrics
Mathis-Ray - A Flask Website,Purpose: Triple-buffered asynchronous methodology for deliver cutting-edge systems
"Rollins, Rios and Mosley - A Flask Website",Purpose: Triple-buffered bandwidth-monitored flexibility for embrace value-added web services
Santana Group - A Flask Website,Purpose: Versatile value-added leverage for reinvent real-time platforms
Little LLC - A Flask Website,Purpose: Fully-configurable foreground hub for visualize plug-and-play convergence
Carter-Sanchez - A Flask Website,Purpose: Multi-layered actuating focus group for incubate granular e-markets
